{
  "company": {
    "precision": 0.5,
    "recall": 0.1111111111111111,
    "f1-score": 0.1818181818181818,
    "support": 27
  },
  "number": {
    "precision": 0.8,
    "recall": 0.8,
    "f1-score": 0.8000000000000002,
    "support": 20
  },
  "package_manager": {
    "precision": 1.0,
    "recall": 0.8,
    "f1-score": 0.888888888888889,
    "support": 5
  },
  "nlu_part": {
    "precision": 0.9,
    "recall": 1.0,
    "f1-score": 0.9473684210526316,
    "support": 18
  },
  "email": {
    "precision": 0.8333333333333334,
    "recall": 0.9090909090909091,
    "f1-score": 0.8695652173913043,
    "support": 22
  },
  "name": {
    "precision": 0.5,
    "recall": 0.26666666666666666,
    "f1-score": 0.3478260869565218,
    "support": 30
  },
  "product": {
    "precision": 0.8947368421052632,
    "recall": 0.9807692307692307,
    "f1-score": 0.9357798165137614,
    "support": 52
  },
  "entity": {
    "precision": 0.0,
    "recall": 0.0,
    "f1-score": 0.0,
    "support": 7
  },
  "user_type": {
    "precision": 0.75,
    "recall": 1.0,
    "f1-score": 0.8571428571428571,
    "support": 3
  },
  "current_api": {
    "precision": 0.9,
    "recall": 1.0,
    "f1-score": 0.9473684210526316,
    "support": 9
  },
  "jobfunction": {
    "precision": 0.7058823529411765,
    "recall": 0.5714285714285714,
    "f1-score": 0.6315789473684211,
    "support": 21
  },
  "CARDINAL": {
    "precision": 0.0,
    "recall": 0.0,
    "f1-score": 0.0,
    "support": 1
  },
  "language": {
    "precision": 0.9607843137254902,
    "recall": 1.0,
    "f1-score": 0.98,
    "support": 49
  },
  "DATE": {
    "precision": 0.0,
    "recall": 0.0,
    "f1-score": 0.0,
    "support": 1
  },
  "micro avg": {
    "precision": 0.8427947598253275,
    "recall": 0.7283018867924528,
    "f1-score": 0.7813765182186234,
    "support": 265
  },
  "macro avg": {
    "precision": 0.624624060150376,
    "recall": 0.6027904635047492,
    "f1-score": 0.5990954884418,
    "support": 265
  },
  "weighted avg": {
    "precision": 0.7653268298381914,
    "recall": 0.7283018867924528,
    "f1-score": 0.7283503284458179,
    "support": 265
  }
}