{
  "rasa_cost": {
    "precision": 1.0,
    "recall": 0.8,
    "f1-score": 0.888888888888889,
    "support": 10
  },
  "signup_newsletter": {
    "precision": 1.0,
    "recall": 0.8620689655172413,
    "f1-score": 0.9259259259259259,
    "support": 29
  },
  "ask_question_in_forum": {
    "precision": 0.75,
    "recall": 0.6666666666666666,
    "f1-score": 0.7058823529411765,
    "support": 9
  },
  "contact_sales": {
    "precision": 0.9,
    "recall": 0.8709677419354839,
    "f1-score": 0.8852459016393444,
    "support": 31
  },
  "react_positive": {
    "precision": 0.3333333333333333,
    "recall": 0.4444444444444444,
    "f1-score": 0.380952380952381,
    "support": 9
  },
  "ask_faq_slots": {
    "precision": 1.0,
    "recall": 1.0,
    "f1-score": 1.0,
    "support": 13
  },
  "ask_time": {
    "precision": 0.6923076923076923,
    "recall": 0.9,
    "f1-score": 0.7826086956521738,
    "support": 10
  },
  "enter_data": {
    "precision": 0.8791946308724832,
    "recall": 0.7277777777777777,
    "f1-score": 0.796352583586626,
    "support": 180
  },
  "install_rasa": {
    "precision": 0.75,
    "recall": 0.7894736842105263,
    "f1-score": 0.7692307692307692,
    "support": 19
  },
  "ask_faq_languages": {
    "precision": 0.8,
    "recall": 0.8,
    "f1-score": 0.8000000000000002,
    "support": 20
  },
  "greet": {
    "precision": 0.7931034482758621,
    "recall": 0.7666666666666667,
    "f1-score": 0.7796610169491527,
    "support": 30
  },
  "ask_isbot": {
    "precision": 0.4,
    "recall": 0.75,
    "f1-score": 0.5217391304347827,
    "support": 8
  },
  "out_of_scope": {
    "precision": 0.4423076923076923,
    "recall": 0.2911392405063291,
    "f1-score": 0.3511450381679389,
    "support": 79
  },
  "source_code": {
    "precision": 0.8571428571428571,
    "recall": 1.0,
    "f1-score": 0.923076923076923,
    "support": 6
  },
  "ask_how_contribute": {
    "precision": 0.7142857142857143,
    "recall": 0.45454545454545453,
    "f1-score": 0.5555555555555556,
    "support": 11
  },
  "affirm": {
    "precision": 0.4606741573033708,
    "recall": 0.8541666666666666,
    "f1-score": 0.5985401459854015,
    "support": 48
  },
  "ask_faq_platform": {
    "precision": 0.8,
    "recall": 1.0,
    "f1-score": 0.888888888888889,
    "support": 4
  },
  "ask_howold": {
    "precision": 0.8,
    "recall": 0.7272727272727273,
    "f1-score": 0.761904761904762,
    "support": 11
  },
  "ask_which_events": {
    "precision": 1.0,
    "recall": 1.0,
    "f1-score": 1.0,
    "support": 10
  },
  "ask_builder": {
    "precision": 0.7391304347826086,
    "recall": 0.8095238095238095,
    "f1-score": 0.7727272727272727,
    "support": 21
  },
  "ask_faq_opensource": {
    "precision": 0.9166666666666666,
    "recall": 1.0,
    "f1-score": 0.9565217391304348,
    "support": 11
  },
  "ask_whatismyname": {
    "precision": 0.75,
    "recall": 0.75,
    "f1-score": 0.75,
    "support": 8
  },
  "ask_why_contribute": {
    "precision": 0.42857142857142855,
    "recall": 0.6,
    "f1-score": 0.5,
    "support": 5
  },
  "ask_faq_differencecorenlu": {
    "precision": 0.9,
    "recall": 0.75,
    "f1-score": 0.8181818181818182,
    "support": 12
  },
  "ask_howbuilt": {
    "precision": 0.75,
    "recall": 0.9,
    "f1-score": 0.8181818181818182,
    "support": 10
  },
  "ask_languagesbot": {
    "precision": 0.7692307692307693,
    "recall": 0.8333333333333334,
    "f1-score": 0.8,
    "support": 12
  },
  "ask_whoisit": {
    "precision": 0.6,
    "recall": 0.6923076923076923,
    "f1-score": 0.6428571428571429,
    "support": 13
  },
  "canthelp": {
    "precision": 0.42857142857142855,
    "recall": 0.6,
    "f1-score": 0.5,
    "support": 5
  },
  "handleinsult": {
    "precision": 0.9285714285714286,
    "recall": 0.65,
    "f1-score": 0.7647058823529412,
    "support": 20
  },
  "next_step": {
    "precision": 1.0,
    "recall": 1.0,
    "f1-score": 1.0,
    "support": 3
  },
  "ask_faq_voice": {
    "precision": 0.9285714285714286,
    "recall": 0.9285714285714286,
    "f1-score": 0.9285714285714286,
    "support": 14
  },
  "ask_faq_python_version": {
    "precision": 0.75,
    "recall": 1.0,
    "f1-score": 0.8571428571428571,
    "support": 3
  },
  "ask_whatspossible": {
    "precision": 0.5185185185185185,
    "recall": 0.7,
    "f1-score": 0.5957446808510639,
    "support": 20
  },
  "switch": {
    "precision": 1.0,
    "recall": 0.8888888888888888,
    "f1-score": 0.9411764705882353,
    "support": 9
  },
  "ask_faq_tutorials": {
    "precision": 1.0,
    "recall": 1.0,
    "f1-score": 1.0,
    "support": 8
  },
  "how_to_get_started": {
    "precision": 0.78125,
    "recall": 0.8064516129032258,
    "f1-score": 0.7936507936507936,
    "support": 62
  },
  "ask_restaurant": {
    "precision": 0.8181818181818182,
    "recall": 0.8181818181818182,
    "f1-score": 0.8181818181818182,
    "support": 11
  },
  "ask_weather": {
    "precision": 1.0,
    "recall": 0.8125,
    "f1-score": 0.896551724137931,
    "support": 16
  },
  "ask_faq_channels": {
    "precision": 1.0,
    "recall": 1.0,
    "f1-score": 1.0,
    "support": 8
  },
  "ask_wherefrom": {
    "precision": 0.8571428571428571,
    "recall": 0.6,
    "f1-score": 0.7058823529411764,
    "support": 10
  },
  "nlu_generation_tool_recommendation": {
    "precision": 0.75,
    "recall": 1.0,
    "f1-score": 0.8571428571428571,
    "support": 3
  },
  "technical_question": {
    "precision": 0.4444444444444444,
    "recall": 0.2857142857142857,
    "f1-score": 0.34782608695652173,
    "support": 14
  },
  "bye": {
    "precision": 1.0,
    "recall": 0.625,
    "f1-score": 0.7692307692307693,
    "support": 8
  },
  "ask_when_next_event": {
    "precision": 0.875,
    "recall": 0.875,
    "f1-score": 0.875,
    "support": 8
  },
  "human_handoff": {
    "precision": 0.7777777777777778,
    "recall": 0.7777777777777778,
    "f1-score": 0.7777777777777778,
    "support": 9
  },
  "react_negative": {
    "precision": 1.0,
    "recall": 1.0,
    "f1-score": 1.0,
    "support": 6
  },
  "nlu_info": {
    "precision": 0.7857142857142857,
    "recall": 0.8461538461538461,
    "f1-score": 0.8148148148148148,
    "support": 13
  },
  "deny": {
    "precision": 0.6,
    "recall": 0.7894736842105263,
    "f1-score": 0.6818181818181819,
    "support": 19
  },
  "nicetomeeyou": {
    "precision": 0.9,
    "recall": 0.9,
    "f1-score": 0.9,
    "support": 10
  },
  "pipeline_recommendation": {
    "precision": 1.0,
    "recall": 1.0,
    "f1-score": 1.0,
    "support": 4
  },
  "ask_whoami": {
    "precision": 0.8333333333333334,
    "recall": 0.8333333333333334,
    "f1-score": 0.8333333333333334,
    "support": 6
  },
  "ask_faq_community_size": {
    "precision": 0.75,
    "recall": 1.0,
    "f1-score": 0.8571428571428571,
    "support": 9
  },
  "thank": {
    "precision": 1.0,
    "recall": 1.0,
    "f1-score": 1.0,
    "support": 8
  },
  "ask_whatisrasa": {
    "precision": 0.5238095238095238,
    "recall": 0.7333333333333333,
    "f1-score": 0.611111111111111,
    "support": 15
  },
  "telljoke": {
    "precision": 1.0,
    "recall": 1.0,
    "f1-score": 1.0,
    "support": 8
  },
  "ask_faq_what_is_forum": {
    "precision": 0.75,
    "recall": 0.9,
    "f1-score": 0.8181818181818182,
    "support": 10
  },
  "ask_howdoing": {
    "precision": 0.625,
    "recall": 0.5263157894736842,
    "f1-score": 0.5714285714285714,
    "support": 19
  },
  "micro avg": {
    "precision": 0.745694022289767,
    "recall": 0.745694022289767,
    "f1-score": 0.745694022289767,
    "support": 987
  },
  "macro avg": {
    "precision": 0.7868743099950408,
    "recall": 0.8059131696476661,
    "f1-score": 0.7875523673371234,
    "support": 987
  },
  "weighted avg": {
    "precision": 0.7655692152567368,
    "recall": 0.745694022289767,
    "f1-score": 0.7456931069828165,
    "support": 987
  }
}